planetlab2.cs.colorado.edu #Denver
planetlab01.cs.washington.edu #Seattle
planetslug4.cse.ucsc.edu #SF
planetlab1.cs.ucla.edu #LA
ricepl-1.cs.rice.edu #Houston
planetlab-6.ece.iastate.edu #KC
planet2.cc.gt.atl.ga.us #Atlanta
planetlab2.cs.purdue.edu #Indianapolis
planetlab1.cs.pitt.edu #Cleveland
pl1.cs.yale.edu #NYC
whitefall.planetlab.cs.umd.edu #DC
planetlab3.eecs.northwestern.edu #Chicago
planet3.cs.ucsb.edu #UCSB
mtuplanetlab1.cs.mtu.edu #Mich
planetlab1.cs.okstate.edu #OKState
node1.planetlab.albany.edu #node1.planetlab.albany.edu
kupl2.ittc.ku.edu #kupl2.ittc.ku.edu
ple2.ipv6.lip6.fr #ple2.ipv6.lip6.fr
planetlab4.wail.wisc.edu #planetlab4.wail.wisc.edu
planetlab-2.cmcl.cs.cmu.edu #planetlab-2.cmcl.cs.cmu.edu
planetlab1.cs.uoregon.edu #planetlab1.cs.uoregon.edu
planetlab9.millennium.berkeley.edu #planetlab9.millennium.berkeley.edu
planetlab1.cs.uiuc.edu #planetlab1.cs.uiuc.edu
earth.cs.brown.edu #earth.cs.brown.edu
vn4.cse.wustl.edu #vn4.cse.wustl.edu
roam2.cs.ou.edu #roam2.cs.ou.edu
planetlab03.cs.washington.edu #planetlab03.cs.washington.edu
plab1.nec-labs.com #plab1.nec-labs.com
planetlab3.csee.usf.edu #planetlab3.csee.usf.edu
pli1-pa-6.hpl.hp.com #pli1-pa-6.hpl.hp.com
planetlab1.poly.edu #planetlab1.poly.edu
ricepl-2.cs.rice.edu #ricepl-2.cs.rice.edu
planetlab2.cs.columbia.edu #planetlab2.cs.columbia.edu
planetlab1.cs.columbia.edu #planetlab1.cs.columbia.edu
planetlab6.flux.utah.edu #planetlab6.flux.utah.edu
node1.planetlab.mathcs.emory.edu #node1.planetlab.mathcs.emory.edu
flow.colgate.edu #flow.colgate.edu
planetlab6.cs.duke.edu #planetlab6.cs.duke.edu
planetlab2.cs.pitt.edu #planetlab2.cs.pitt.edu
node2.planetlab.mathcs.emory.edu #node2.planetlab.mathcs.emory.edu
planetlab6.cs.cornell.edu #planetlab6.cs.cornell.edu
planetlab-02.bu.edu #planetlab-02.bu.edu
planetlab4.williams.edu #planetlab4.williams.edu
planetlab2.unl.edu #planetlab2.unl.edu
planetlab3.eecs.umich.edu #planetlab3.eecs.umich.edu
planetlab2.byu.edu #planetlab2.byu.edu
planet6.cs.ucsb.edu #planet6.cs.ucsb.edu
planetlab1.rutgers.edu #planetlab1.rutgers.edu
planetlab3.williams.edu #planetlab3.williams.edu
planet3.cc.gt.atl.ga.us #planet3.cc.gt.atl.ga.us
planetlab5.eecs.umich.edu #planetlab5.eecs.umich.edu
planetlab1.cs.unc.edu #planetlab1.cs.unc.edu
planetlab2.cs.cornell.edu #planetlab2.cs.cornell.edu
pli1-pa-5.hpl.hp.com #pli1-pa-5.hpl.hp.com
planetlab4.tamu.edu #planetlab4.tamu.edu
planetlab5.millennium.berkeley.edu #planetlab5.millennium.berkeley.edu
planet-lab1.cs.ucr.edu #planet-lab1.cs.ucr.edu
planetlab-2.cs.uh.edu #planetlab-2.cs.uh.edu
planetlab-01.bu.edu #planetlab-01.bu.edu
pli1-pa-4.hpl.hp.com #pli1-pa-4.hpl.hp.com
plnode-04.gpolab.bbn.com #plnode-04.gpolab.bbn.com
planet5.cs.ucsb.edu #planet5.cs.ucsb.edu
planetlab3.cs.uoregon.edu #planetlab3.cs.uoregon.edu
planetlab1.byu.edu #planetlab1.byu.edu
pluto.cs.brown.edu #pluto.cs.brown.edu
planetlab-1.cs.uh.edu #planetlab-1.cs.uh.edu
planetlab10.millennium.berkeley.edu #planetlab10.millennium.berkeley.edu
mtuplanetlab2.cs.mtu.edu #mtuplanetlab2.cs.mtu.edu
planetlab1.tamu.edu #planetlab1.tamu.edu
plgmu2.ite.gmu.edu #plgmu2.ite.gmu.edu
planet4.cc.gt.atl.ga.us #planet4.cc.gt.atl.ga.us
planetlab2.acis.ufl.edu #planetlab2.acis.ufl.edu
planetlab4.cs.uoregon.edu #planetlab4.cs.uoregon.edu
planetlab3.tamu.edu #planetlab3.tamu.edu
planetlab4.rutgers.edu #planetlab4.rutgers.edu
planetlab1.temple.edu #planetlab1.temple.edu
vn5.cse.wustl.edu #vn5.cse.wustl.edu
planetlab1.cs.cornell.edu #planetlab1.cs.cornell.edu
ebb.colgate.edu #ebb.colgate.edu
planetlab2.millennium.berkeley.edu #planetlab2.millennium.berkeley.edu
jupiter.cs.brown.edu #jupiter.cs.brown.edu
planetlab1.cnds.jhu.edu #planetlab1.cnds.jhu.edu
planetlab1.unl.edu #planetlab1.unl.edu
planetlab1.mnlab.cti.depaul.edu #planetlab1.mnlab.cti.depaul.edu
planet-lab2.cs.ucr.edu #planet-lab2.cs.ucr.edu
planetlab04.cs.washington.edu #planetlab04.cs.washington.edu
planetlab7.flux.utah.edu #planetlab7.flux.utah.edu
planetlab2.cis.upenn.edu #planetlab2.cis.upenn.edu
pl-node-1.csl.sri.com #pl-node-1.csl.sri.com
planet4.cs.ucsb.edu #planet4.cs.ucsb.edu
planetlab2.cnds.jhu.edu #planetlab2.cnds.jhu.edu
planetlab2.ucsd.edu #planetlab2.ucsd.edu
planetlab2.williams.edu #planetlab2.williams.edu
planetlab-1.cs.colostate.edu #planetlab-1.cs.colostate.edu
planetlab8.millennium.berkeley.edu #planetlab8.millennium.berkeley.edu
planetlab2.uta.edu #planetlab2.uta.edu
planetlab-01.ece.uprm.edu #planetlab-01.ece.uprm.edu
planetlab6.csail.mit.edu #planetlab6.csail.mit.edu
planetslug5.cse.ucsc.edu #planetslug5.cse.ucsc.edu
planetlab13.millennium.berkeley.edu #planetlab13.millennium.berkeley.edu
planetlabtwo.ccs.neu.edu #planetlabtwo.ccs.neu.edu
planetlab2.eecs.umich.edu #planetlab2.eecs.umich.edu
planetlab1.tsuniv.edu #planetlab1.tsuniv.edu
plnode-03.gpolab.bbn.com #plnode-03.gpolab.bbn.com
pllx1.parc.xerox.com #pllx1.parc.xerox.com
planetlab2.eecs.ucf.edu #planetlab2.eecs.ucf.edu
pl2.cs.yale.edu #pl2.cs.yale.edu
kupl1.ittc.ku.edu #kupl1.ittc.ku.edu
pli2-pa-2.hpl.hp.com #pli2-pa-2.hpl.hp.com
planetlab-1.cmcl.cs.cmu.edu #planetlab-1.cmcl.cs.cmu.edu
plab3.eece.ksu.edu #plab3.eece.ksu.edu
planetlab1.jhu.edu #planetlab1.jhu.edu
planetlab4.csail.mit.edu #planetlab4.csail.mit.edu
planetlab01.uncc.edu #planetlab01.uncc.edu
planetlab3.rutgers.edu #planetlab3.rutgers.edu
pl2.eecs.utk.edu #pl2.eecs.utk.edu
planet1.cc.gt.atl.ga.us #planet1.cc.gt.atl.ga.us
planetlab7.csail.mit.edu #planetlab7.csail.mit.edu
planetlab2.netlab.uky.edu #planetlab2.netlab.uky.edu
planetlab2.cs.umass.edu #planetlab2.cs.umass.edu
planetlab-3.cmcl.cs.cmu.edu #planetlab-3.cmcl.cs.cmu.edu
planetlab2.mnlab.cti.depaul.edu #planetlab2.mnlab.cti.depaul.edu
planetlab1.acis.ufl.edu #planetlab1.acis.ufl.edu
planetlab1.georgetown.edu #planetlab1.georgetown.edu
planetlab1.eecs.umich.edu #planetlab1.eecs.umich.edu
planetlab2.tamu.edu #planetlab2.tamu.edu
node2.planetlab.albany.edu #node2.planetlab.albany.edu
planetlab2.cs.unc.edu #planetlab2.cs.unc.edu
planetlab5.cs.cornell.edu #planetlab5.cs.cornell.edu
adrastea.mcs.suffolk.edu #adrastea.mcs.suffolk.edu
planetlab1.cs.purdue.edu #planetlab1.cs.purdue.edu
plab4.eece.ksu.edu #plab4.eece.ksu.edu
planetlab1.cs.colorado.edu #planetlab1.cs.colorado.edu
planetlab5.williams.edu #planetlab5.williams.edu
planetlab2.cs.ucla.edu #planetlab2.cs.ucla.edu
righthand.eecs.harvard.edu #righthand.eecs.harvard.edu
planetlab1.williams.edu #planetlab1.williams.edu
planetlab11.millennium.berkeley.edu #planetlab11.millennium.berkeley.edu
planetlab4.csee.usf.edu #planetlab4.csee.usf.edu
planetlab4.eecs.umich.edu #planetlab4.eecs.umich.edu
nodeb.howard.edu #nodeb.howard.edu
planetlab5.cs.uiuc.edu #planetlab5.cs.uiuc.edu
planetlab-2.cs.uic.edu #planetlab-2.cs.uic.edu
planetlab2.clemson.edu #planetlab2.clemson.edu
planetlab1.clemson.edu #planetlab1.clemson.edu
planetlab2.cs.okstate.edu #planetlab2.cs.okstate.edu
planetlab3.cs.columbia.edu #planetlab3.cs.columbia.edu
planetlab1.cis.upenn.edu #planetlab1.cis.upenn.edu
planetlab3.ucsd.edu #planetlab3.ucsd.edu
planetlab4.cs.uiuc.edu #planetlab4.cs.uiuc.edu
osiris.planetlab.cs.umd.edu #osiris.planetlab.cs.umd.edu
planetlab1.umassd.edu #planetlab1.umassd.edu
planetlab2.cs.uoregon.edu #planetlab2.cs.uoregon.edu
planetlab1.uta.edu #planetlab1.uta.edu
planetlab2.georgetown.edu #planetlab2.georgetown.edu
planetlab02.sys.virginia.edu #planetlab02.sys.virginia.edu
planetlab2.cs.stevens-tech.edu #planetlab2.cs.stevens-tech.edu
pl2.ucs.indiana.edu #pl2.ucs.indiana.edu
planetlab2.dtc.umn.edu #planetlab2.dtc.umn.edu
planetlabone.ccs.neu.edu #planetlabone.ccs.neu.edu
planetlab02.alucloud.com #planetlab02.alucloud.com
planetlab2.cs.du.edu #planetlab2.cs.du.edu
nodea.howard.edu #nodea.howard.edu
planetlab1.dtc.umn.edu #planetlab1.dtc.umn.edu
planetlab3.wail.wisc.edu #planetlab3.wail.wisc.edu
roam1.cs.ou.edu #roam1.cs.ou.edu
planetlab2.poly.edu #planetlab2.poly.edu
planetlab2.utdallas.edu #planetlab2.utdallas.edu
pl1.cis.uab.edu #pl1.cis.uab.edu
planetlab2.temple.edu #planetlab2.temple.edu
pllx2.parc.xerox.com #pllx2.parc.xerox.com
pl1.ucs.indiana.edu #pl1.ucs.indiana.edu
lefthand.eecs.harvard.edu #lefthand.eecs.harvard.edu
planetlab02.cs.washington.edu #planetlab02.cs.washington.edu
plgmu4.ite.gmu.edu #plgmu4.ite.gmu.edu
planetlab-2.cs.colostate.edu #planetlab-2.cs.colostate.edu
planetlab1.utdallas.edu #planetlab1.utdallas.edu
plab2.nec-labs.com #plab2.nec-labs.com
metis.mcs.suffolk.edu #metis.mcs.suffolk.edu
orbpl1.rutgers.edu #orbpl1.rutgers.edu
planetlab-02.ece.uprm.edu #planetlab-02.ece.uprm.edu
orbpl2.rutgers.edu #orbpl2.rutgers.edu
pl-node-0.csl.sri.com #pl-node-0.csl.sri.com
planetlab1.csee.usf.edu #planetlab1.csee.usf.edu
planetlab2.eecs.wsu.edu #planetlab2.eecs.wsu.edu
pl2.cis.uab.edu #pl2.cis.uab.edu
planetlab2.tsuniv.edu #planetlab2.tsuniv.edu
